time,open,close,low,high,volume
1652054400,34038.39000000,30076.31000000,30033.33000000,34243.15000000,191876.92642800
1652140800,30074.23000000,31017.10000000,29730.40000000,32658.99000000,165532.00311000
1652227200,31017.11000000,29103.94000000,27785.00000000,32162.59000000,207063.73927800
1652313600,29103.94000000,29029.75000000,26700.00000000,30243.00000000,204507.26313800
1652400000,29029.74000000,29287.05000000,28751.67000000,31083.37000000,97872.36957000
1652486400,29287.05000000,30086.74000000,28630.00000000,30343.27000000,51095.87863000
1652572800,30086.74000000,31328.89000000,29480.00000000,31460.00000000,46275.66912000
1652659200,31328.89000000,29874.01000000,29087.04000000,31328.90000000,73082.19658000
1652745600,29874.01000000,30444.93000000,29450.38000000,30788.37000000,56724.13307000
1652832000,30444.93000000,28715.32000000,28654.47000000,30709.99000000,59749.15799000
1652918400,28715.33000000,30319.23000000,28691.38000000,30545.18000000,67877.36415000
1653004800,30319.22000000,29201.01000000,28730.00000000,30777.33000000,60517.25325000
1653091200,29201.01000000,29445.06000000,28947.28000000,29656.18000000,20987.13124000
1653177600,29445.07000000,30293.94000000,29255.11000000,30487.99000000,36158.98748000
1653264000,30293.93000000,29109.15000000,28866.35000000,30670.51000000,63901.49932000
1653350400,29109.14000000,29654.58000000,28669.00000000,29845.86000000,59442.96036000
1653436800,29654.58000000,29542.15000000,29294.21000000,30223.74000000,59537.38659000
1653523200,29542.14000000,29201.35000000,28019.56000000,29886.64000000,94581.65463000
1653609600,29201.35000000,28629.80000000,28282.90000000,29397.66000000,90998.52010000
1653696000,28629.81000000,29031.33000000,28450.00000000,29266.00000000,34479.35127000
1653782400,29031.33000000,29468.10000000,28839.21000000,29587.78000000,27567.34764000
1653868800,29468.10000000,31734.22000000,29299.62000000,32222.00000000,96785.94760000
1653955200,31734.23000000,31801.04000000,31200.01000000,32399.00000000,62433.11632000
1654041600,31801.05000000,29805.83000000,29301.00000000,31982.97000000,103395.63382000
1654128000,29805.84000000,30452.62000000,29594.55000000,30689.00000000,56961.42928000
1654214400,30452.63000000,29700.21000000,29282.36000000,30699.00000000,54067.44727000
1654300800,29700.21000000,29864.04000000,29485.00000000,29988.88000000,25617.90113000
1654387200,29864.03000000,29919.21000000,29531.42000000,30189.00000000,23139.92810000
1654473600,29919.20000000,31373.10000000,29890.23000000,31765.64000000,68836.92456000
1654560000,31373.10000000,31125.33000000,29218.96000000,31589.60000000,110674.51658000
1654646400,31125.32000000,30204.77000000,29843.88000000,31327.22000000,68542.61276000
1654732800,30204.77000000,30109.93000000,29944.10000000,30700.00000000,46291.18650000
1654819200,30109.93000000,29091.88000000,28850.00000000,30382.80000000,76204.24980000
1654905600,29091.87000000,28424.70000000,28099.99000000,29440.41000000,65901.39895000
1654992000,28424.71000000,26574.53000000,26560.00000000,28544.96000000,92474.59880900
1655078400,26574.53000000,22487.41000000,21925.77000000,26895.84000000,254611.03496600
1655164800,22485.27000000,22136.41000000,20846.00000000,23362.88000000,187201.64671000
1655251200,22136.42000000,22583.72000000,20111.62000000,22800.00000000,200774.49346700
1655337600,22583.72000000,20401.31000000,20232.00000000,22995.73000000,99673.59429000
1655424000,20400.60000000,20468.81000000,20246.66000000,21365.43000000,86694.33663000
1655510400,20468.81000000,18970.79000000,17622.00000000,20792.06000000,196441.65552400
1655596800,18970.79000000,20574.00000000,17960.41000000,20815.95000000,128320.87595000
1655683200,20574.00000000,20573.89000000,19637.03000000,21090.00000000,109028.94154000
1655769600,20573.90000000,20723.52000000,20348.40000000,21723.00000000,104371.07490000
1655856000,20723.51000000,19987.99000000,19770.51000000,20900.00000000,92133.97938000
1655942400,19988.00000000,21110.13000000,19890.07000000,21233.00000000,83127.08716000
1656028800,21110.12000000,21237.69000000,20736.72000000,21558.41000000,77430.36622000
1656115200,21237.68000000,21491.19000000,20906.62000000,21614.50000000,51431.67794000
1656201600,21491.18000000,21038.07000000,20964.73000000,21888.00000000,53278.10464000
1656288000,21038.08000000,20742.56000000,20510.00000000,21539.85000000,64475.00130000
1656374400,20742.57000000,20281.29000000,20202.01000000,21212.10000000,63801.08320000
1656460800,20281.28000000,20123.01000000,19854.92000000,20432.31000000,77309.04379000
1656547200,20123.00000000,19942.21000000,18626.00000000,20179.08000000,93846.64806000
1656633600,19942.21000000,19279.80000000,18975.00000000,20918.35000000,111844.59494000
1656720000,19279.80000000,19252.81000000,18977.01000000,19467.39000000,46180.30210000
1656806400,19252.82000000,19315.83000000,18781.00000000,19647.63000000,51087.46631000
1656892800,19315.83000000,20236.71000000,19055.31000000,20354.01000000,74814.04601000
1656979200,20236.71000000,20175.83000000,19304.40000000,20750.00000000,96041.13756000
1657065600,20175.84000000,20564.51000000,19761.25000000,20675.22000000,82439.58080000
1657152000,20564.51000000,21624.98000000,20251.68000000,21838.10000000,85014.58261000
1657238400,21624.99000000,21594.75000000,21189.26000000,22527.37000000,403081.57349000
1657324800,21594.75000000,21591.83000000,21322.12000000,21980.00000000,178417.84468000
1657411200,21592.15000000,20862.47000000,20655.00000000,21607.65000000,192188.21556000
1657497600,20861.11000000,19963.61000000,19875.23000000,20868.48000000,137535.40724000
1657584000,19963.61000000,19328.75000000,19240.00000000,20059.42000000,139506.45862000
1657670400,19331.28000000,20234.87000000,18910.94000000,20366.61000000,209250.24888000
1657756800,20234.87000000,20588.84000000,19616.07000000,20900.00000000,174809.21696000
1657843200,20588.84000000,20830.04000000,20382.29000000,21200.00000000,143343.30490000
1657929600,20830.04000000,21195.60000000,20478.61000000,21588.94000000,121011.67393000
1658016000,21195.60000000,20798.16000000,20750.01000000,21684.54000000,118229.45250000
1658102400,20799.58000000,22432.58000000,20762.45000000,22777.63000000,239942.73132000
1658188800,22432.58000000,23396.62000000,21579.54000000,23800.00000000,263770.76574000
1658275200,23398.48000000,23223.30000000,22906.19000000,24276.74000000,238762.17094000
1658361600,23223.30000000,23152.19000000,22341.46000000,23442.77000000,184817.68191000
1658448000,23152.19000000,22684.83000000,22500.00000000,23756.49000000,171598.43966000
1658534400,22684.83000000,22451.07000000,21934.57000000,23000.77000000,122137.77375000
1658620800,22448.58000000,22579.68000000,22257.15000000,23014.64000000,115189.67277000
1658707200,22577.13000000,21310.90000000,21250.00000000,22666.00000000,180344.76643000
1658793600,21310.90000000,21254.67000000,20706.50000000,21347.82000000,177817.24326000
1658880000,21254.67000000,22952.45000000,21042.53000000,23112.63000000,210971.19796000
1658966400,22954.31000000,23842.93000000,22582.13000000,24199.72000000,236029.07410000
1659052800,23845.25000000,23773.75000000,23414.03000000,24442.66000000,198298.50623000
1659139200,23777.28000000,23643.51000000,23502.25000000,24668.00000000,151060.13211000
1659225600,23644.64000000,23293.32000000,23227.31000000,24194.82000000,127743.32483000
1659312000,23296.36000000,23268.01000000,22850.00000000,23509.68000000,144210.16219000
1659398400,23266.90000000,22987.79000000,22654.37000000,23459.89000000,158073.28225000
1659484800,22985.93000000,22818.37000000,22681.22000000,23647.68000000,145948.80995000
1659571200,22816.91000000,22622.98000000,22400.00000000,23223.32000000,154854.67016000
1659657600,22622.41000000,23312.42000000,22586.95000000,23472.86000000,175251.69749000
1659744000,23313.56000000,22954.21000000,22909.52000000,23354.36000000,83911.80307000
1659830400,22954.21000000,23174.39000000,22844.62000000,23402.00000000,88890.00877000
1659916800,23174.39000000,23810.00000000,23154.25000000,24245.00000000,170958.44152000
1660003200,23810.98000000,23149.95000000,22865.00000000,23933.25000000,143182.50858000
1660089600,23151.32000000,23954.05000000,22664.69000000,24226.00000000,208916.54953000
1660176000,23954.05000000,23934.39000000,23852.13000000,24918.54000000,249759.79557000
1660262400,23933.09000000,24403.68000000,23583.00000000,24456.50000000,174207.57040000
1660348800,24401.70000000,24441.38000000,24291.22000000,24888.00000000,152852.25435000
1660435200,24443.06000000,24305.24000000,24144.00000000,25047.56000000,151206.14473000
1660521600,24305.25000000,24094.82000000,23773.22000000,25211.32000000,242539.54758000
1660608000,24093.04000000,23854.74000000,23671.22000000,24247.49000000,179324.94821000
1660694400,23856.15000000,23342.66000000,23180.40000000,24446.71000000,210668.68766000
1660780800,23342.66000000,23191.20000000,23111.04000000,23600.00000000,144185.97011000
1660867200,23191.45000000,20834.39000000,20783.57000000,23208.67000000,283995.87747000
1660953600,20834.39000000,21140.07000000,20761.90000000,21382.85000000,183041.68363000
1661040000,21140.07000000,21515.61000000,21069.11000000,21800.00000000,159200.68410000
1661126400,21516.70000000,21399.83000000,20890.18000000,21548.71000000,222222.04526000
1661212800,21400.75000000,21529.12000000,20890.14000000,21684.87000000,200967.77164000
1661299200,21529.11000000,21368.08000000,21145.00000000,21900.00000000,174383.22046000
1661385600,21368.05000000,21559.04000000,21310.15000000,21819.88000000,169915.78301000
1661472000,21559.04000000,20241.05000000,20107.90000000,21886.77000000,273811.61955000
1661558400,20239.14000000,20037.60000000,19800.00000000,20402.93000000,162582.46032000
1661644800,20037.60000000,19555.61000000,19520.00000000,20171.18000000,139307.95976000
1661731200,19555.61000000,20285.73000000,19550.79000000,20433.62000000,210509.49545000
1661817600,20287.20000000,19811.66000000,19540.00000000,20576.25000000,256634.35529000
1661904000,19813.03000000,20050.02000000,19797.94000000,20490.00000000,276946.60765000
1661990400,20048.44000000,20131.46000000,19565.66000000,20208.37000000,245289.97263000
1662076800,20132.64000000,19951.86000000,19755.29000000,20441.26000000,245986.60330000
1662163200,19950.98000000,19831.90000000,19652.72000000,20055.93000000,146639.03204000
1662249600,19832.45000000,20000.30000000,19583.10000000,20029.23000000,145588.77893000
1662336000,20000.30000000,19796.84000000,19633.83000000,20057.27000000,222543.01057000
1662422400,19795.34000000,18790.61000000,18649.51000000,20180.00000000,356315.05718000
1662508800,18790.61000000,19292.84000000,18510.77000000,19464.06000000,287394.77880000
1662595200,19292.85000000,19319.77000000,19012.00000000,19458.25000000,262813.28273000
1662681600,19320.54000000,21360.11000000,19291.75000000,21597.22000000,428919.74652000
1662768000,21361.62000000,21648.34000000,21111.13000000,21810.80000000,307997.33504000
1662854400,21647.21000000,21826.87000000,21350.00000000,21860.00000000,280702.55149000
1662940800,21826.87000000,22395.74000000,21538.51000000,22488.00000000,395395.61828000
1663027200,22395.44000000,20173.57000000,19860.00000000,22799.00000000,431915.03333000
1663113600,20173.62000000,20226.71000000,19617.62000000,20541.48000000,340826.40151000
1663200000,20227.17000000,19701.88000000,19497.00000000,20330.24000000,333069.76076000
1663286400,19701.88000000,19803.30000000,19320.01000000,19890.00000000,283791.07064000
1663372800,19803.30000000,20113.62000000,19748.08000000,20189.00000000,179350.24338000
1663459200,20112.61000000,19416.18000000,19335.62000000,20117.26000000,254217.46904000
1663545600,19417.45000000,19537.02000000,18232.56000000,19686.20000000,380512.40306000
1663632000,19537.02000000,18875.00000000,18711.87000000,19634.62000000,324098.32860000
1663718400,18874.31000000,18461.36000000,18125.98000000,19956.00000000,385034.10021000
1663804800,18461.36000000,19401.63000000,18356.39000000,19550.17000000,379321.72111000
1663891200,19401.63000000,19289.91000000,18531.42000000,19500.00000000,385886.91829000
1663977600,19288.57000000,18920.50000000,18805.34000000,19316.14000000,239496.56746000
1664064000,18921.99000000,18807.38000000,18629.20000000,19180.21000000,191191.44920000
1664150400,18809.13000000,19227.82000000,18680.72000000,19318.96000000,439239.21943000
1664236800,19226.68000000,19079.13000000,18816.32000000,20385.86000000,593260.74161000
1664323200,19078.10000000,19412.82000000,18471.28000000,19790.00000000,521385.45547000
1664409600,19412.82000000,19591.51000000,18843.01000000,19645.52000000,406424.93256000
1664496000,19590.54000000,19422.61000000,19155.36000000,20185.00000000,444322.95340000
1664582400,19422.61000000,19310.95000000,19159.42000000,19484.00000000,165625.13959000
1664668800,19312.24000000,19056.80000000,18920.35000000,19395.91000000,206812.47032000
1664755200,19057.74000000,19629.08000000,18959.68000000,19719.10000000,293585.75212000
1664841600,19629.08000000,20337.82000000,19490.60000000,20475.00000000,327012.00127000
1664928000,20337.82000000,20158.26000000,19730.00000000,20365.60000000,312239.75224000
1665014400,20158.26000000,19960.67000000,19853.00000000,20456.60000000,320122.17020000
1665100800,19960.67000000,19530.09000000,19320.00000000,20068.82000000,220874.83913000
1665187200,19530.09000000,19417.96000000,19237.14000000,19627.38000000,102480.09842000
1665273600,19416.52000000,19439.02000000,19316.04000000,19558.00000000,113900.82681000
1665360000,19439.96000000,19131.87000000,19020.25000000,19525.00000000,212509.09849000
1665446400,19131.87000000,19060.00000000,18860.00000000,19268.09000000,243473.84286000
1665532800,19060.00000000,19155.53000000,18965.88000000,19238.31000000,213826.26731000
1665619200,19155.10000000,19375.13000000,18190.00000000,19513.79000000,399756.68337000
1665705600,19375.58000000,19176.93000000,19070.37000000,19951.87000000,351634.32601000
1665792000,19176.93000000,19069.39000000,18975.18000000,19227.68000000,113847.64232000
1665878400,19068.40000000,19262.98000000,19063.74000000,19425.84000000,131894.61885000
1665964800,19262.98000000,19549.86000000,19152.03000000,19676.96000000,222813.87634000
1666051200,19548.48000000,19327.44000000,19091.00000000,19706.66000000,260313.07848000
1666137600,19327.44000000,19123.97000000,19065.97000000,19360.16000000,186137.29538000
1666224000,19123.35000000,19041.92000000,18900.00000000,19347.82000000,223530.13068000
1666310400,19041.92000000,19164.37000000,18650.00000000,19250.00000000,269310.75769000
1666396800,19164.37000000,19204.35000000,19112.72000000,19257.00000000,110403.90837000
1666483200,19204.29000000,19570.40000000,19070.11000000,19695.00000000,167057.20184000
1666569600,19570.40000000,19329.72000000,19157.00000000,19601.15000000,256168.14467000
1666656000,19330.60000000,20080.07000000,19237.00000000,20415.87000000,326370.67061000
1666742400,20079.02000000,20771.59000000,20050.41000000,21020.00000000,380492.69576000
1666828800,20771.61000000,20295.11000000,20200.00000000,20872.21000000,328643.57791000
1666915200,20295.11000000,20591.84000000,20000.09000000,20750.00000000,287039.94569000
1667001600,20591.84000000,20809.67000000,20554.01000000,21085.00000000,254881.77755000
1667088000,20809.68000000,20627.48000000,20515.00000000,20931.21000000,192795.60886000
1667174400,20627.48000000,20490.74000000,20237.95000000,20845.92000000,303567.61628000
1667260800,20490.74000000,20483.62000000,20330.74000000,20700.00000000,279932.43771000
1667347200,20482.81000000,20151.84000000,20048.04000000,20800.00000000,373716.27299000
1667433600,20151.84000000,20207.82000000,20031.24000000,20393.32000000,319185.15440000
1667520000,20207.12000000,21148.52000000,20180.96000000,21302.05000000,453694.39165000
1667606400,21148.52000000,21299.37000000,21080.65000000,21480.65000000,245621.98525000
1667692800,21299.37000000,20905.58000000,20886.13000000,21365.27000000,230036.97217000
1667779200,20905.58000000,20591.13000000,20384.89000000,21069.77000000,386977.60337000
1667865600,20590.67000000,18547.23000000,17166.83000000,20700.88000000,760705.36278300
1667952000,18545.38000000,15922.81000000,15588.00000000,18587.76000000,731926.92972900
1668038400,15922.68000000,17601.15000000,15754.26000000,18199.00000000,608448.36432000
1668124800,17602.45000000,17070.31000000,16361.60000000,17695.00000000,393552.86492000
1668211200,17069.98000000,16812.08000000,16631.39000000,17119.10000000,167819.96035000
1668297600,16813.16000000,16329.85000000,16229.00000000,16954.28000000,184960.78846000
1668384000,16331.78000000,16619.46000000,15815.21000000,17190.00000000,380210.77750000
1668470400,16617.72000000,16900.57000000,16527.72000000,17134.69000000,282461.84391000
1668556800,16900.57000000,16662.76000000,16378.61000000,17015.92000000,261493.40809000
1668643200,16661.61000000,16692.56000000,16410.74000000,16751.00000000,228038.97873000
1668729600,16692.56000000,16700.45000000,16546.04000000,17011.00000000,214224.18184000
1668816000,16699.43000000,16700.68000000,16553.53000000,16822.41000000,104963.15558000
1668902400,16700.68000000,16280.23000000,16180.00000000,16753.33000000,154842.13478000
1668988800,16279.50000000,15781.29000000,15476.00000000,16319.00000000,324096.99775300
1669075200,15781.29000000,16226.94000000,15616.63000000,16315.00000000,239548.06623000
1669161600,16227.96000000,16603.11000000,16160.20000000,16706.00000000,264927.70408000
1669248000,16603.11000000,16598.95000000,16458.05000000,16812.63000000,206565.92346000
1669334400,16599.55000000,16522.14000000,16342.81000000,16666.00000000,182089.49533000
1669420800,16521.35000000,16458.57000000,16385.00000000,16701.99000000,181804.81666000
1669507200,16457.61000000,16428.78000000,16401.00000000,16600.00000000,162025.47607000
1669593600,16428.77000000,16212.91000000,15995.27000000,16487.04000000,252695.40367000
1669680000,16212.18000000,16442.53000000,16100.00000000,16548.71000000,248106.25009000
1669766400,16442.91000000,17163.64000000,16428.30000000,17249.00000000,303019.80719000
1669852800,17165.53000000,16977.37000000,16855.01000000,17324.00000000,232818.18218000
1669939200,16978.00000000,17092.74000000,16787.85000000,17105.73000000,202372.20620000
1670025600,17092.13000000,16885.20000000,16858.74000000,17188.98000000,154542.57306000
1670112000,16885.20000000,17105.70000000,16878.25000000,17202.84000000,178619.13387000
1670198400,17106.65000000,16966.35000000,16867.00000000,17424.25000000,233703.29225000
1670284800,16966.35000000,17088.96000000,16906.37000000,17107.01000000,218730.76883000
1670371200,17088.96000000,16836.64000000,16678.83000000,17142.21000000,220657.41334000
1670457600,16836.64000000,17224.10000000,16733.49000000,17299.00000000,236417.97804000
1670544000,17224.10000000,17128.56000000,17058.21000000,17360.00000000,238422.06465000
1670630400,17128.56000000,17127.49000000,17092.00000000,17227.72000000,140573.97937000
1670716800,17127.49000000,17085.05000000,17071.00000000,17270.99000000,155286.47871000
1670803200,17085.05000000,17209.83000000,16871.85000000,17241.89000000,226227.49694000
1670889600,17208.93000000,17774.70000000,17080.14000000,18000.00000000,284462.91390000
1670976000,17775.82000000,17803.15000000,17660.94000000,18387.95000000,266681.22209000
1671062400,17804.01000000,17356.34000000,17275.51000000,17854.82000000,223701.96882000
1671148800,17356.96000000,16632.12000000,16527.32000000,17531.73000000,253379.04116000
1671235200,16631.50000000,16776.52000000,16579.85000000,16796.82000000,144825.66684000
1671321600,16777.54000000,16738.21000000,16663.07000000,16863.26000000,112619.31646000
1671408000,16739.00000000,16438.88000000,16256.30000000,16815.99000000,179094.28305000
1671494400,16438.88000000,16895.56000000,16397.20000000,17061.27000000,248808.92324000
1671580800,16896.15000000,16824.67000000,16723.00000000,16925.00000000,156810.96362000
1671667200,16824.68000000,16821.43000000,16559.85000000,16868.52000000,176044.27235000
1671753600,16821.90000000,16778.50000000,16731.13000000,16955.14000000,161612.00947000
1671840000,16778.52000000,16836.12000000,16776.62000000,16869.99000000,100224.29096000
1671926400,16835.73000000,16832.11000000,16721.00000000,16857.96000000,125441.07202000
1672012800,16832.11000000,16919.39000000,16791.00000000,16944.52000000,124564.00656000
1672099200,16919.39000000,16706.36000000,16592.37000000,16972.83000000,173749.58616000
1672185600,16706.06000000,16547.31000000,16465.33000000,16785.19000000,193037.56577000
1672272000,16547.32000000,16633.47000000,16488.91000000,16664.41000000,160998.47158000
1672358400,16633.47000000,16607.48000000,16333.00000000,16677.35000000,164916.31174000
1672444800,16607.48000000,16542.40000000,16470.00000000,16644.09000000,114490.42864000
1672531200,16541.77000000,16616.75000000,16499.01000000,16628.00000000,96925.41374000
1672617600,16617.17000000,16672.87000000,16548.70000000,16799.23000000,121888.57191000
1672704000,16672.78000000,16675.18000000,16605.28000000,16778.40000000,159541.53733000
1672790400,16675.65000000,16850.36000000,16652.66000000,16991.87000000,220362.18862000
1672876800,16850.36000000,16831.85000000,16753.00000000,16879.82000000,163473.56641000
1672963200,16831.85000000,16950.65000000,16679.00000000,17041.00000000,207401.28415000
1673049600,16950.31000000,16943.57000000,16908.00000000,16981.91000000,104526.56880000
1673136000,16943.83000000,17127.83000000,16911.00000000,17176.99000000,135155.89695000
1673222400,17127.83000000,17178.26000000,17104.66000000,17398.80000000,266211.52723000
1673308800,17179.04000000,17440.66000000,17146.34000000,17499.00000000,221382.42581000
1673395200,17440.64000000,17943.26000000,17315.60000000,18000.00000000,262221.60653000
1673481600,17943.26000000,18846.62000000,17892.05000000,19117.04000000,454568.32178000
1673568000,18846.62000000,19930.01000000,18714.12000000,20000.00000000,368615.87823000
1673654400,19930.01000000,20954.92000000,19888.05000000,21258.00000000,393913.74951000
1673740800,20952.76000000,20871.50000000,20551.01000000,21050.74000000,178542.22549000
1673827200,20872.99000000,21185.65000000,20611.48000000,21474.05000000,293078.08262000
1673913600,21185.65000000,21134.81000000,20841.31000000,21647.45000000,275407.74409000
1674000000,21132.29000000,20677.47000000,20407.15000000,21650.00000000,350916.01949000
1674086400,20677.47000000,21071.59000000,20659.19000000,21192.00000000,251385.84925000
1674172800,21071.59000000,22667.21000000,20861.28000000,22755.93000000,338079.13659000
1674259200,22666.00000000,22783.55000000,22422.00000000,23371.80000000,346445.48432000
1674345600,22783.35000000,22707.88000000,22292.37000000,23078.71000000,253577.75286000
1674432000,22706.02000000,22916.45000000,22500.00000000,23180.00000000,293588.37938000
1674518400,22917.81000000,22632.89000000,22462.93000000,23162.20000000,293158.78254000
1674604800,22631.94000000,23060.94000000,22300.00000000,23816.73000000,346042.83223000
1674691200,23060.42000000,23009.65000000,22850.01000000,23282.47000000,288924.43581000
1674777600,23009.65000000,23074.16000000,22534.88000000,23500.00000000,280833.86315000
1674864000,23074.16000000,23022.60000000,22878.46000000,23189.00000000,148115.71085000
1674950400,23021.40000000,23742.30000000,22967.76000000,23960.54000000,295688.79204000
1675036800,23743.37000000,22826.15000000,22500.00000000,23800.51000000,302405.90121000
1675123200,22827.38000000,23125.13000000,22714.77000000,23320.00000000,264649.34909000
1675209600,23125.13000000,23732.66000000,22760.23000000,23812.66000000,310790.42271000
1675296000,23731.41000000,23488.94000000,23363.27000000,24255.00000000,364177.20751000
1675382400,23489.33000000,23431.90000000,23204.62000000,23715.70000000,332571.02904000
1675468800,23431.90000000,23326.84000000,23253.96000000,23587.78000000,166126.47295000
1675555200,23327.66000000,22932.91000000,22743.00000000,23433.33000000,209251.33917000
1675641600,22932.91000000,22762.52000000,22628.13000000,23158.25000000,265371.60690000
1675728000,22762.52000000,23240.46000000,22745.78000000,23350.25000000,308006.72482000
1675814400,23242.42000000,22963.00000000,22665.85000000,23452.00000000,280056.30717000
1675900800,22961.85000000,21796.35000000,21688.00000000,23011.39000000,402894.69550000
1675987200,21797.83000000,21625.19000000,21451.00000000,21938.16000000,338591.94247000
1676073600,21625.19000000,21862.55000000,21599.78000000,21906.32000000,177021.58433000
1676160000,21862.02000000,21783.54000000,21630.00000000,22090.00000000,204435.65163000
1676246400,21782.37000000,21773.97000000,21351.07000000,21894.99000000,295730.76791000
1676332800,21774.63000000,22199.84000000,21532.77000000,22319.08000000,361958.40109000
1676419200,22199.84000000,24324.05000000,22047.28000000,24380.00000000,375669.16111000
1676505600,24322.87000000,23517.72000000,23505.25000000,25250.00000000,450080.68366000
1676592000,23517.72000000,24569.97000000,23339.37000000,25021.11000000,496813.21376000
1676678400,24568.24000000,24631.95000000,24430.00000000,24877.00000000,216917.25213000
1676764800,24632.05000000,24271.76000000,24192.57000000,25192.00000000,300395.99542000
1676851200,24272.51000000,24842.20000000,23840.83000000,25121.23000000,346938.56997000
1676937600,24843.89000000,24452.16000000,24148.34000000,25250.00000000,376000.82868000
1677024000,24450.67000000,24182.21000000,23574.69000000,24476.05000000,379425.75365000
1677110400,24182.21000000,23940.20000000,23608.00000000,24599.59000000,398400.45437000
1677196800,23940.20000000,23185.29000000,22841.19000000,24132.35000000,343582.57453000
1677283200,23184.04000000,23157.07000000,22722.00000000,23219.13000000,191311.81010000
1677369600,23157.07000000,23554.85000000,23059.18000000,23689.99000000,202323.73623000
1677456000,23554.85000000,23492.09000000,23106.77000000,23897.99000000,283706.08590000
1677542400,23492.09000000,23141.57000000,23020.97000000,23600.00000000,264140.99894000
1677628800,23141.57000000,23628.97000000,23020.03000000,24000.00000000,315287.41737000
1677715200,23629.76000000,23465.32000000,23195.90000000,23796.93000000,239315.45219000
1677801600,23465.32000000,22354.34000000,21971.13000000,23476.95000000,319954.19785000
1677888000,22354.34000000,22346.57000000,22157.08000000,22410.00000000,121257.38132000
1677974400,22346.57000000,22430.24000000,22189.22000000,22662.09000000,154841.75786000
1678060800,22430.24000000,22410.00000000,22258.00000000,22602.19000000,203751.82957000
1678147200,22409.41000000,22197.96000000,21927.00000000,22557.91000000,292519.80912000
1678233600,22198.56000000,21705.44000000,21580.00000000,22287.00000000,301460.57272000
1678320000,21704.37000000,20362.22000000,20042.72000000,21834.99000000,443658.28584000
1678406400,20362.21000000,20150.69000000,19549.09000000,20367.78000000,618456.46710000
1678492800,20150.69000000,20455.73000000,19765.03000000,20686.51000000,427831.82133000
1678579200,20455.73000000,21997.11000000,20270.60000000,22150.00000000,430944.94288000
1678665600,21998.05000000,24113.48000000,21813.88000000,24500.00000000,687889.31259000
1678752000,24112.27000000,24670.41000000,23976.42000000,26386.87000000,699360.93423000
1678838400,24670.41000000,24285.66000000,23896.95000000,25196.97000000,581450.72984000
1678924800,24285.66000000,24998.78000000,24123.00000000,25167.40000000,439421.32998000
1679011200,24998.78000000,27395.13000000,24890.00000000,27756.84000000,624460.68091000
1679097600,27395.13000000,26907.49000000,26578.00000000,27724.85000000,371238.97174000
1679184000,26907.49000000,27972.87000000,26827.22000000,28390.10000000,372066.99054000
1679270400,27972.87000000,27717.01000000,27124.47000000,28472.00000000,477378.23373000
1679356800,27717.01000000,28105.47000000,27303.10000000,28438.55000000,420929.74220000
1679443200,28107.81000000,27250.97000000,26601.80000000,28868.05000000,224113.41296000
1679529600,27250.97000000,28295.41000000,27105.00000000,28750.00000000,128649.60818000
1679616000,28295.42000000,27454.47000000,27000.00000000,28374.30000000,86242.06544000
1679702400,27454.46000000,27462.95000000,27156.09000000,27787.33000000,50844.08102000
1679788800,27462.96000000,27968.05000000,27417.76000000,28194.40000000,49671.70353000
1679875200,27968.05000000,27124.91000000,26508.14000000,28023.86000000,88039.46898000
1679961600,27124.90000000,27261.07000000,26631.78000000,27520.00000000,78602.44341000
1680048000,27261.06000000,28348.60000000,27240.10000000,28650.00000000,89486.16008000
1680134400,28348.60000000,28028.53000000,27686.00000000,29184.68000000,98865.43256000
1680220800,28028.53000000,28465.36000000,27511.71000000,28656.69000000,78198.12139000
1680307200,28465.36000000,28452.73000000,28220.27000000,28819.71000000,30238.44753000
1680393600,28452.74000000,28171.87000000,27856.43000000,28530.00000000,37365.65692000
1680480000,28171.87000000,27800.00000000,27200.24000000,28500.99000000,79180.01405000
1680566400,27800.00000000,28165.47000000,27662.79000000,28444.44000000,49722.55691000
1680652800,28165.47000000,28170.01000000,27805.10000000,28775.00000000,60737.64732000
1680739200,28170.01000000,28033.82000000,27711.00000000,28182.05000000,40118.94963000
1680825600,28033.83000000,27906.33000000,27766.94000000,28100.00000000,24762.09387000
1680912000,27906.34000000,27938.38000000,27859.02000000,28154.99000000,19479.96735000
1680998400,27938.38000000,28323.76000000,27800.00000000,28530.00000000,32531.16101000
1681084800,28323.76000000,29637.34000000,28170.00000000,29770.00000000,67754.06220000
1681171200,29637.35000000,30200.42000000,29590.00000000,30550.00000000,67990.07621000
1681257600,30200.43000000,29888.07000000,29637.40000000,30486.00000000,62049.48451000
1681344000,29888.07000000,30373.84000000,29854.59000000,30595.00000000,51934.11731000
1681430400,30373.84000000,30466.93000000,29966.00000000,31000.00000000,75984.19452000
1681516800,30466.93000000,30295.09000000,30202.00000000,30595.60000000,25429.81247000
1681603200,30295.10000000,30304.65000000,30120.00000000,30549.99000000,26431.99322000
1681689600,30304.66000000,29430.27000000,29240.65000000,30316.06000000,56441.81127000
1681776000,29430.27000000,30380.01000000,29096.78000000,30485.00000000,62004.89434000
1681862400,30380.01000000,28797.10000000,28520.00000000,30413.53000000,86575.48656000
1681948800,28797.10000000,28243.65000000,28010.00000000,29088.30000000,76879.09372000
1682035200,28243.65000000,27262.84000000,27125.00000000,28374.02000000,77684.76790000
1682121600,27262.84000000,27816.85000000,27140.35000000,27882.72000000,36023.69686000
1682208000,27816.85000000,27590.60000000,27311.25000000,27816.85000000,34812.09581000
1682294400,27590.59000000,27510.93000000,26942.82000000,28000.00000000,53111.56874000
1682380800,27510.93000000,28300.79000000,27192.00000000,28399.99000000,52325.14637000
1682467200,28300.80000000,28415.29000000,27235.00000000,30036.00000000,129228.40403000
1682553600,28415.29000000,29472.77000000,28378.86000000,29890.00000000,95430.82431000
1682640000,29472.77000000,29311.70000000,28891.00000000,29599.54000000,54298.16578000
1682726400,29311.69000000,29230.45000000,29031.00000000,29448.88000000,20466.83058000
1682812800,29230.45000000,29233.21000000,29079.59000000,29969.39000000,39752.53720000
1682899200,29233.20000000,28068.26000000,27666.95000000,29337.34000000,64433.65958000
1682985600,28068.26000000,28669.86000000,27872.00000000,28879.88000000,50824.52240000
1683072000,28669.85000000,29026.16000000,28113.69000000,29266.66000000,64615.79213000
1683158400,29026.16000000,28838.16000000,28663.64000000,29379.83000000,42575.47501000
1683244800,28838.16000000,29505.61000000,28800.00000000,29677.00000000,58415.83048000
1683331200,29505.60000000,28848.20000000,28300.00000000,29820.00000000,49249.28459000
1683417600,28848.19000000,28430.10000000,28395.23000000,29138.29000000,30003.41028000
1683504000,28430.09000000,27668.79000000,27262.00000000,28631.01000000,68244.36179000
1683590400,27668.80000000,27628.27000000,27353.00000000,27818.00000000,40113.31069000
1683676800,27628.28000000,27598.75000000,26777.00000000,28331.42000000,71155.11355000
1683763200,27598.74000000,26968.62000000,26702.05000000,27630.14000000,47635.31365000
1683849600,26968.61000000,26795.01000000,25811.46000000,27091.12000000,67207.93494000
1683936000,26795.01000000,26775.28000000,26692.03000000,27045.45000000,22814.90421000
1684022400,26775.27000000,26917.62000000,26560.53000000,27200.00000000,21594.80360000
1684108800,26917.61000000,27162.14000000,26726.00000000,27663.59000000,40430.08333000
1684195200,27162.15000000,27033.84000000,26852.11000000,27296.89000000,33270.45451000
1684281600,27033.85000000,27405.61000000,26544.71000000,27500.00000000,42958.97785000
1684368000,27405.62000000,26821.28000000,26361.20000000,27485.33000000,49198.65143000
1684454400,26821.28000000,26880.26000000,26630.00000000,27183.60000000,28754.13544000
1684540800,26880.26000000,27102.43000000,26825.11000000,27150.00000000,14434.54718000
1684627200,27102.42000000,26747.78000000,26666.03000000,27277.55000000,21347.87279000
1684713600,26747.78000000,26849.27000000,26538.21000000,27099.89000000,26458.83828000
1684800000,26849.28000000,27219.61000000,26798.11000000,27495.83000000,38700.83858000
1684886400,27219.61000000,26329.01000000,26080.50000000,27219.61000000,54393.06570000
1684972800,26329.00000000,26473.79000000,25871.89000000,26631.98000000,37435.44895000
1685059200,26473.80000000,26705.92000000,26327.24000000,26932.16000000,35061.18713000
1685145600,26705.93000000,26854.27000000,26551.00000000,26895.00000000,15095.68670000
1685232000,26854.28000000,28065.00000000,26764.36000000,28261.32000000,43916.00855000
1685318400,28065.01000000,27736.40000000,27524.60000000,28447.14000000,42385.41945000
1685404800,27736.39000000,27694.40000000,27554.00000000,28038.59000000,32686.75371000
1685491200,27694.39000000,27210.35000000,26839.01000000,27835.51000000,46588.80573000
1685577600,27210.36000000,26817.93000000,26605.05000000,27350.00000000,39217.80880000
1685664000,26817.93000000,27242.59000000,26505.00000000,27300.00000000,36380.90269000
1685750400,27242.59000000,27069.22000000,26914.93000000,27333.29000000,16595.34117000
1685836800,27069.22000000,27115.21000000,26951.00000000,27455.02000000,19258.41049000
1685923200,27115.20000000,25728.20000000,25388.00000000,27129.33000000,65805.60305000
1686009600,25728.20000000,27230.08000000,25351.02000000,27355.33000000,68392.60438000
1686096000,27230.07000000,26339.34000000,26125.01000000,27391.77000000,59619.44364000
1686182400,26339.34000000,26498.61000000,26210.00000000,26810.00000000,31075.51083000
1686268800,26498.62000000,26477.81000000,26269.91000000,26783.33000000,27934.70970000
1686355200,26477.80000000,25841.21000000,25358.00000000,26533.87000000,64944.60108000
1686441600,25841.22000000,25925.55000000,25634.70000000,26206.88000000,30014.29595000
1686528000,25925.54000000,25905.19000000,25602.11000000,26106.48000000,29900.50893000
1686614400,25905.20000000,25934.25000000,25712.57000000,26433.21000000,41065.60853000
1686700800,25934.24000000,25128.60000000,24820.56000000,26098.00000000,45077.31608000
1686787200,25128.60000000,25598.49000000,24800.00000000,25759.01000000,48664.86063000
1686873600,25598.49000000,26345.00000000,25175.56000000,26518.00000000,51596.91662000
1686960000,26345.01000000,26516.99000000,26181.00000000,26839.99000000,27842.21950000
1687046400,26516.99000000,26339.97000000,26255.85000000,26700.00000000,21538.31022000
1687132800,26339.98000000,26844.35000000,26256.61000000,27068.09000000,35872.65974000
1687219200,26844.35000000,28307.99000000,26652.00000000,28402.74000000,69666.95525000
1687305600,28308.00000000,29993.89000000,28257.99000000,30800.00000000,108926.40412000
1687392000,29993.89000000,29884.92000000,29525.61000000,30500.00000000,59054.56460000
1687478400,29884.92000000,30688.50000000,29800.00000000,31431.94000000,73931.89635000
1687564800,30688.51000000,30527.43000000,30250.00000000,30800.00000000,30513.30135000
1687651200,30527.44000000,30462.66000000,30277.49000000,31046.01000000,30223.44801000
1687737600,30462.67000000,30267.99000000,29930.00000000,30666.00000000,45180.41489000
1687824000,30267.99000000,30692.44000000,30226.17000000,30994.97000000,42699.64157000
1687910400,30692.44000000,30077.41000000,29858.80000000,30709.74000000,40463.51937000
1687996800,30077.40000000,30447.31000000,30049.98000000,30843.98000000,36330.62903000
1688083200,30447.31000000,30472.00000000,29500.00000000,31282.00000000,89419.07618000
1688169600,30471.99000000,30585.90000000,30320.57000000,30661.60000000,17501.75075000
1688256000,30585.90000000,30617.03000000,30155.00000000,30791.00000000,23286.41019000
1688342400,30617.02000000,31156.20000000,30570.27000000,31380.00000000,43761.64311000
1688428800,31156.20000000,30766.51000000,30620.00000000,31350.69000000,33206.11943000
1688515200,30766.52000000,30504.81000000,30200.00000000,30878.07000000,33215.67122000
1688601600,30504.80000000,29895.43000000,29850.45000000,31500.00000000,71319.62610000
1688688000,29895.42000000,30344.70000000,29701.02000000,30449.00000000,34070.53895000
1688774400,30344.70000000,30284.63000000,30044.47000000,30386.81000000,13094.59042000
1688860800,30284.63000000,30160.71000000,30061.12000000,30445.52000000,15388.50196000
1688947200,30160.71000000,30411.57000000,29950.00000000,31045.78000000,41262.87652000
1689033600,30411.57000000,30622.10000000,30300.00000000,30813.63000000,28476.83311000
1689120000,30622.10000000,30380.00000000,30210.00000000,30983.25000000,38108.99669000
1689206400,30380.00000000,31454.23000000,30251.00000000,31804.20000000,70772.51836000
1689292800,31454.23000000,30312.01000000,29900.00000000,31630.00000000,60749.48424000
1689379200,30312.00000000,30289.52000000,30200.00000000,30390.90000000,14118.55329000
1689465600,30289.52000000,30231.99000000,30064.29000000,30441.46000000,15760.12810000
1689552000,30232.00000000,30138.00000000,29659.20000000,30336.96000000,30882.76839000
1689638400,30138.01000000,29859.13000000,29512.00000000,30239.78000000,30003.86010000
1689724800,29859.14000000,29909.21000000,29761.96000000,30189.09000000,25657.36137000
1689811200,29909.21000000,29800.00000000,29570.96000000,30417.46000000,37540.68193000
1689897600,29800.00000000,29901.72000000,29726.34000000,30061.70000000,23881.40865000
1689984000,29901.72000000,29794.00000000,29625.10000000,29999.00000000,14660.40467000
1690070400,29793.99000000,30083.75000000,29730.00000000,30350.00000000,18292.78637000
1690156800,30083.75000000,29176.50000000,28861.90000000,30099.58000000,39628.99691000
1690243200,29176.50000000,29228.91000000,29047.65000000,29376.00000000,21565.74780000
1690329600,29228.91000000,29351.96000000,29096.94000000,29690.00000000,33931.63366000
1690416000,29351.95000000,29222.78000000,29083.85000000,29567.49000000,22476.47626000
1690502400,29222.78000000,29314.14000000,29123.12000000,29542.22000000,23993.61627000
1690588800,29314.14000000,29352.90000000,29256.18000000,29406.92000000,10851.36844000
1690675200,29352.90000000,29281.09000000,29033.24000000,29449.00000000,15706.97441000
1690761600,29281.09000000,29232.25000000,29101.80000000,29530.00000000,22605.48964000
1690848000,29232.26000000,29705.99000000,28585.70000000,29739.25000000,44719.65162000
1690934400,29705.99000000,29186.01000000,28927.50000000,30047.50000000,48181.65141000
1691020800,29186.00000000,29193.64000000,28968.00000000,29433.33000000,26476.91994000
1691107200,29193.65000000,29113.99000000,28807.54000000,29333.08000000,23551.95217000
1691193600,29114.00000000,29072.13000000,28978.64000000,29152.23000000,11645.52018000
1691280000,29072.13000000,29088.42000000,28991.88000000,29205.09000000,13178.19720000
1691366400,29088.43000000,29211.06000000,28701.03000000,29276.78000000,30966.87746000
1691452800,29211.06000000,29770.42000000,29146.45000000,30244.00000000,45700.53392000
1691539200,29770.41000000,29581.99000000,29376.67000000,30160.00000000,38003.88725000
1691625600,29581.99000000,29455.75000000,29320.20000000,29738.00000000,23463.45373000
1691712000,29455.76000000,29426.03000000,29252.45000000,29564.52000000,20637.04430000
1691798400,29426.02000000,29430.17000000,29381.56000000,29481.35000000,8971.48068000
1691884800,29430.18000000,29303.84000000,29272.32000000,29474.65000000,11101.70947000
1691971200,29303.85000000,29430.93000000,29102.45000000,29695.32000000,31443.11532000
1692057600,29430.92000000,29200.00000000,29059.60000000,29499.26000000,27503.87691000
1692144000,29200.01000000,28730.51000000,28723.08000000,29259.85000000,32996.69854000
1692230400,28730.51000000,26623.41000000,25166.00000000,28783.48000000,100271.54033000
1692316800,26623.41000000,26054.00000000,25619.00000000,26832.60000000,69790.65711000
1692403200,26054.00000000,26100.01000000,25801.09000000,26281.00000000,26160.75343000
1692489600,26100.01000000,26189.99000000,25971.05000000,26299.00000000,19056.91209000
1692576000,26190.00000000,26126.92000000,25812.00000000,26258.42000000,30267.24233000
1692662400,26126.92000000,26056.00000000,25300.00000000,26139.42000000,34247.06688000
1692748800,26055.99000000,26432.72000000,25812.82000000,26819.27000000,44023.69978000
1692835200,26432.71000000,26180.05000000,25864.00000000,26577.87000000,30205.22116000
1692921600,26180.05000000,26060.01000000,25777.15000000,26314.05000000,27753.33772000
1693008000,26060.00000000,26017.37000000,25985.92000000,26125.77000000,10022.22322000
1693094400,26017.38000000,26101.77000000,25966.11000000,26182.23000000,12099.64216000
1693180800,26101.78000000,26120.00000000,25864.50000000,26253.99000000,22692.62655000
1693267200,26120.00000000,27716.34000000,25922.00000000,28142.85000000,74251.99488000
1693353600,27716.34000000,27299.99000000,27017.24000000,27768.57000000,35448.25848000
1693440000,27299.99000000,25940.78000000,25655.01000000,27587.51000000,51032.80401000
1693526400,25940.77000000,25805.05000000,25333.75000000,26156.00000000,41032.15056000
1693612800,25805.04000000,25869.51000000,25752.47000000,25987.50000000,16250.77698000
1693699200,25869.52000000,25971.21000000,25800.00000000,26135.00000000,17474.47667000
1693785600,25971.21000000,25826.02000000,25631.21000000,26108.02000000,21777.59609000
1693872000,25826.03000000,25792.10000000,25562.62000000,25915.49000000,21323.39337000
1693958400,25792.11000000,25759.95000000,25372.51000000,26040.00000000,27262.52386000
1694044800,25759.95000000,26255.00000000,25615.38000000,26443.14000000,27687.49567000
1694131200,26255.00000000,25910.50000000,25647.26000000,26445.50000000,28999.76471000
1694217600,25910.50000000,25901.61000000,25796.64000000,25945.09000000,10980.62277000
1694304000,25901.60000000,25841.61000000,25570.57000000,26033.66000000,18738.26914000
1694390400,25841.60000000,25162.52000000,24901.00000000,25900.69000000,41682.32000000
1694476800,25162.53000000,25840.10000000,25131.48000000,26567.00000000,56434.38537000
1694563200,25840.10000000,26222.00000000,25764.17000000,26405.22000000,31610.82753000
1694649600,26222.00000000,26522.73000000,26126.77000000,26860.49000000,38333.17250000
1694736000,26522.73000000,26600.00000000,26224.00000000,26888.00000000,26227.29369000
1694822400,26599.99000000,26559.67000000,26445.00000000,26777.00000000,13960.93351000
1694908800,26559.67000000,26527.51000000,26399.00000000,26623.25000000,12998.10277000
1694995200,26527.50000000,26762.51000000,26377.35000000,27409.00000000,43000.43256000
1695081600,26762.50000000,27210.26000000,26667.79000000,27483.57000000,36190.52187000
1695168000,27210.25000000,27125.00000000,26800.00000000,27388.63000000,34207.21867000
1695254400,27125.01000000,26568.08000000,26377.70000000,27159.60000000,34476.82662000
1695340800,26568.08000000,26580.14000000,26468.77000000,26743.38000000,18198.22920000
1695427200,26580.14000000,26575.96000000,26509.00000000,26632.81000000,9440.70260000
1695513600,26575.97000000,26248.38000000,26122.08000000,26738.54000000,15706.65771000
1695600000,26248.39000000,26304.81000000,25990.46000000,26446.15000000,26266.20390000
1695686400,26304.80000000,26221.67000000,26088.34000000,26397.46000000,18495.35066000
1695772800,26221.68000000,26372.99000000,26112.06000000,26850.00000000,34771.57978000
1695859200,26373.00000000,27021.39000000,26342.40000000,27308.48000000,44517.83491000
1695945600,27021.39000000,26906.96000000,26665.16000000,27244.89000000,28478.76219000
1696032000,26906.96000000,26962.56000000,26886.31000000,27094.99000000,12804.62307000
1696118400,26962.57000000,27992.57000000,26954.09000000,28065.51000000,24602.81468000
1696204800,27992.58000000,27494.51000000,27281.44000000,28580.00000000,57071.14241000
1696291200,27494.51000000,27426.46000000,27160.50000000,27676.52000000,28928.96555000
1696377600,27426.45000000,27778.57000000,27202.00000000,27839.72000000,29816.14200000
1696464000,27778.57000000,27410.39000000,27352.00000000,28120.39000000,30681.49619000
1696550400,27410.39000000,27931.09000000,27175.94000000,28295.00000000,37983.24277000
1696636800,27931.10000000,27956.67000000,27842.08000000,28029.67000000,13348.83825000
1696723200,27956.67000000,27917.05000000,27687.50000000,28095.14000000,19693.56921000
1696809600,27917.06000000,27590.12000000,27260.00000000,27987.93000000,31534.74639000
1696896000,27590.12000000,27390.12000000,27298.00000000,27735.00000000,22776.84383000
1696982400,27390.12000000,26875.52000000,26538.66000000,27477.39000000,37349.44706000
1697068800,26875.52000000,26759.63000000,26555.00000000,26947.04000000,23428.64112000
1697155200,26759.63000000,26862.00000000,26685.00000000,27130.00000000,24115.76499000
1697241600,26862.00000000,26852.48000000,26789.00000000,26989.58000000,10417.25576000
1697328000,26852.48000000,27154.15000000,26808.25000000,27293.33000000,15274.69170000
1697414400,27154.14000000,28500.78000000,27112.66000000,30000.00000000,78399.22445000
1697500800,28500.77000000,28395.91000000,28069.32000000,28613.65000000,38428.44532000
1697587200,28395.91000000,28320.00000000,28142.87000000,28982.36000000,32162.47591000
1697673600,28320.00000000,28713.71000000,28100.66000000,28916.89000000,35895.50179000
1697760000,28713.71000000,29669.04000000,28578.29000000,30207.55000000,59422.09920000
1697846400,29669.05000000,29909.80000000,29464.77000000,30379.99000000,27517.51897000
1697932800,29909.80000000,29992.46000000,29640.00000000,30248.00000000,22852.54563000
1698019200,29992.46000000,33069.99000000,29883.60000000,34741.91000000,93513.64246000
1698105600,33069.99000000,33922.73000000,32832.34000000,35280.00000000,115265.02418000
1698192000,33922.73000000,34496.05000000,33679.05000000,35132.85000000,54887.02529000
1698278400,34496.05000000,34151.66000000,33751.00000000,34824.13000000,39744.66255000
1698364800,34151.66000000,33892.02000000,33390.95000000,34245.00000000,32330.40106000
1698451200,33892.01000000,34081.00000000,33860.00000000,34493.33000000,16880.13144000
1698537600,34081.01000000,34525.89000000,33930.00000000,34750.11000000,20685.52176000
1698624000,34525.88000000,34474.73000000,34062.84000000,34856.00000000,33657.95976000
1698710400,34474.74000000,34639.77000000,34025.00000000,34720.49000000,32737.89822000
1698796800,34639.78000000,35421.43000000,34097.39000000,35582.00000000,53473.28165000
1698883200,35421.43000000,34941.59000000,34300.00000000,35984.99000000,48015.57732000
1698969600,34941.58000000,34716.78000000,34120.00000000,34946.50000000,39071.20644000
1699056000,34716.78000000,35062.07000000,34585.18000000,35255.00000000,18377.55545000
1699142400,35062.06000000,35011.88000000,34448.00000000,35380.00000000,24528.73376000
1699228800,35011.89000000,35046.09000000,34725.90000000,35276.33000000,22346.47086000
1699315200,35046.09000000,35399.12000000,34523.06000000,35888.00000000,38688.73692000
1699401600,35399.13000000,35624.72000000,35100.00000000,36106.00000000,33401.34137000
1699488000,35624.72000000,36701.09000000,35534.05000000,37972.24000000,82537.88885000
1699574400,36701.10000000,37301.63000000,36324.71000000,37526.00000000,43414.04898000
1699660800,37301.63000000,37130.00000000,36666.93000000,37408.26000000,22984.97235000
1699747200,37129.99000000,37064.13000000,36731.10000000,37222.22000000,17687.18874000
1699833600,37064.13000000,36462.93000000,36333.00000000,37417.99000000,32798.18252000
1699920000,36462.93000000,35551.19000000,34800.00000000,36744.00000000,45503.68416000
1700006400,35551.20000000,37858.20000000,35360.00000000,37980.00000000,53569.13385000
1700092800,37858.20000000,36163.51000000,35500.00000000,37929.54000000,47490.39566000
1700179200,36163.51000000,36613.92000000,35861.10000000,36800.00000000,38283.61112000
1700265600,36613.91000000,36568.10000000,36178.58000000,36845.49000000,17102.24186000
1700352000,36568.11000000,37359.86000000,36384.02000000,37500.00000000,21246.34648000
1700438400,37359.85000000,37448.78000000,36677.00000000,37750.00000000,36022.70291000
1700524800,37448.79000000,35741.65000000,35735.00000000,37649.44000000,47646.54804000
1700611200,35741.65000000,37408.34000000,35632.01000000,37861.10000000,45051.30697000
1700697600,37408.35000000,37294.28000000,36870.00000000,37653.44000000,23827.92882000
1700784000,37294.27000000,37713.57000000,37251.51000000,38414.00000000,44680.80646000
1700870400,37713.57000000,37780.67000000,37591.10000000,37888.00000000,11396.14464000
1700956800,37780.67000000,37447.43000000,37150.00000000,37814.63000000,21264.53723000
1701043200,37447.42000000,37242.70000000,36707.00000000,37569.23000000,30001.07376000
1701129600,37242.70000000,37818.87000000,36868.41000000,38377.00000000,37544.46667000
1701216000,37818.88000000,37854.64000000,37570.00000000,38450.00000000,32994.19107000
1701302400,37854.65000000,37723.96000000,37500.00000000,38145.85000000,24740.29147000
1701388800,37723.97000000,38682.52000000,37615.86000000,38999.00000000,43415.66324000
1701475200,38682.51000000,39450.35000000,38641.61000000,39717.14000000,26696.92161000
1701561600,39450.35000000,39972.26000000,39274.86000000,40250.00000000,26710.65335000
1701648000,39972.26000000,41991.10000000,39972.26000000,42420.00000000,79272.33059000
1701734400,41991.10000000,44073.32000000,41414.00000000,44488.00000000,67490.74644000
1701820800,44073.82000000,43762.69000000,43335.28000000,44297.21000000,51431.10492000
1701907200,43762.69000000,43273.14000000,42821.10000000,44047.33000000,47103.26845000
1701993600,43273.15000000,44170.99000000,43081.10000000,44700.00000000,42900.37556000
1702080000,44171.00000000,43713.60000000,43584.51000000,44358.02000000,24925.97008000
1702166400,43713.59000000,43789.51000000,43563.00000000,44049.00000000,18956.61758000
1702252800,43789.50000000,41253.40000000,40222.00000000,43804.50000000,76663.89804000
1702339200,41253.41000000,41492.39000000,40680.00000000,42104.12000000,42722.69773000
1702425600,41492.38000000,42869.03000000,40555.00000000,43475.20000000,45865.99773000
1702512000,42869.03000000,43022.26000000,41400.00000000,43420.00000000,42047.05709000
1702598400,43022.26000000,41940.30000000,41666.00000000,43080.81000000,33421.79320000
1702684800,41940.29000000,42278.03000000,41605.00000000,42724.43000000,24118.85747000
1702771200,42278.02000000,41374.65000000,41252.00000000,42424.07000000,27722.11452000
1702857600,41374.64000000,42657.80000000,40542.93000000,42757.81000000,46734.09250000
1702944000,42657.80000000,42275.99000000,41811.10000000,43497.00000000,40927.86444000
1703030400,42275.99000000,43668.93000000,42206.00000000,44283.00000000,48710.29470000
1703116800,43668.92000000,43861.80000000,43286.72000000,44242.35000000,34624.29384000
1703203200,43861.79000000,43969.04000000,43412.54000000,44398.26000000,32783.19638000
1703289600,43969.04000000,43702.16000000,43291.10000000,43988.68000000,16557.12930000
1703376000,43702.15000000,42991.50000000,42500.00000000,43946.00000000,25144.33496000
1703462400,42991.50000000,43576.13000000,42720.43000000,43802.32000000,27021.23992000
1703548800,43576.12000000,42508.93000000,41637.60000000,43592.68000000,41010.04282000
1703635200,42508.93000000,43428.85000000,42098.69000000,43677.00000000,36191.21136000
1703721600,43428.86000000,42563.76000000,42241.79000000,43787.57000000,35150.52485000
1703808000,42563.76000000,42066.95000000,41300.00000000,43111.00000000,42597.18912000
1703894400,42066.94000000,42140.28000000,41520.30000000,42612.32000000,22906.57818000
1703980800,42140.29000000,42283.58000000,41965.84000000,42899.00000000,23585.91603000
1704067200,42283.58000000,44179.55000000,42180.77000000,44184.10000000,27174.29903000
1704153600,44179.55000000,44946.91000000,44148.34000000,45879.63000000,65146.40661000
1704240000,44946.91000000,42845.23000000,40750.00000000,45500.00000000,81194.55173000
1704326400,42845.23000000,44151.10000000,42613.77000000,44729.58000000,48038.06334000
1704412800,44151.10000000,44145.11000000,42450.00000000,44357.46000000,48075.25327000
1704499200,44145.12000000,43968.32000000,43397.05000000,44214.42000000,17835.06144000
1704585600,43968.32000000,43929.02000000,43572.09000000,44480.59000000,23023.85080000
1704672000,43929.01000000,46951.04000000,43175.00000000,47248.99000000,72814.57589000
1704758400,46951.04000000,46110.00000000,44748.67000000,47972.00000000,69927.66617000
1704844800,46110.00000000,46653.99000000,44300.36000000,47695.93000000,89911.41203000
1704931200,46654.00000000,46339.16000000,45606.06000000,48969.48000000,87470.32960000
1705017600,46339.16000000,42782.73000000,41500.00000000,46515.53000000,86327.93707000
1705104000,42782.74000000,42847.99000000,42436.12000000,43257.00000000,36118.47464000
1705190400,42847.99000000,41732.35000000,41720.00000000,43079.00000000,28228.40894000
1705276800,41732.35000000,42511.10000000,41718.05000000,43400.43000000,40269.89303000
1705363200,42511.10000000,43137.95000000,42050.00000000,43578.01000000,45045.74589000
1705449600,43137.94000000,42776.10000000,42200.69000000,43198.00000000,33266.21388000
1705536000,42776.09000000,41327.50000000,40683.28000000,42930.00000000,43907.51641000
1705622400,41327.51000000,41659.03000000,40280.00000000,42196.86000000,48342.74559000
1705708800,41659.03000000,41696.04000000,41456.30000000,41872.56000000,15923.99493000
1705795200,41696.05000000,41580.33000000,41500.98000000,41881.39000000,11730.16301000
1705881600,41580.32000000,39568.02000000,39431.58000000,41689.65000000,55426.19911000
1705968000,39568.02000000,39897.60000000,38555.00000000,40176.74000000,57956.63351000
1706054400,39897.59000000,40084.88000000,39484.19000000,40555.00000000,39293.82861000
1706140800,40084.89000000,39961.09000000,39550.00000000,40300.24000000,31022.11853000
1706227200,39961.09000000,41823.51000000,39822.52000000,42246.82000000,47384.96726000
1706313600,41823.51000000,42120.63000000,41394.34000000,42200.00000000,16224.41667000
1706400000,42120.63000000,42031.06000000,41620.81000000,42842.68000000,27294.99838000
1706486400,42031.05000000,43302.70000000,41804.88000000,43333.00000000,31542.74207000
1706572800,43302.71000000,42941.10000000,42683.99000000,43882.36000000,37619.24546000
1706659200,42941.10000000,42580.00000000,42276.84000000,43745.11000000,39871.13688000
1706745600,42580.00000000,43082.94000000,41884.28000000,43285.13000000,35231.04664000
1706832000,43082.95000000,43200.00000000,42546.79000000,43488.00000000,29672.14418000
1706918400,43199.99000000,43011.09000000,42880.00000000,43380.01000000,12033.40998000
1707004800,43011.10000000,42582.88000000,42222.00000000,43119.04000000,17066.89404000
1707091200,42582.88000000,42708.70000000,42258.10000000,43569.76000000,29467.75905000
1707177600,42708.70000000,43098.95000000,42574.00000000,43399.98000000,24675.85433000
1707264000,43098.96000000,44349.60000000,42788.00000000,44396.50000000,34392.59915000
1707350400,44349.60000000,45288.65000000,44331.10000000,45614.30000000,45439.62231000
1707436800,45288.66000000,47132.77000000,45242.12000000,48200.00000000,73503.48100000
1707523200,47132.78000000,47751.09000000,46800.00000000,48170.00000000,24802.35936000
1707609600,47751.08000000,48299.99000000,47557.16000000,48592.66000000,29958.80837000
1707696000,48300.00000000,49917.27000000,47710.01000000,50334.82000000,59009.96705000
1707782400,49917.28000000,49699.59000000,48300.95000000,50368.61000000,55551.56706000
1707868800,49699.60000000,51795.17000000,49225.01000000,52043.71000000,57046.37401000
1707955200,51795.17000000,51880.00000000,51314.00000000,52816.62000000,53816.03055000
1708041600,51880.01000000,52124.11000000,51566.00000000,52572.08000000,37772.25318000
1708128000,52124.10000000,51642.64000000,50625.00000000,52162.82000000,25674.00622000
1708214400,51642.64000000,52137.67000000,51163.28000000,52377.00000000,21992.10363000
1708300800,52137.68000000,51774.73000000,51677.00000000,52488.77000000,29534.99432000
1708387200,51774.74000000,52258.82000000,50760.37000000,52985.00000000,49614.47318000
1708473600,52258.82000000,51849.39000000,50625.00000000,52366.80000000,43079.40049000
1708560000,51849.38000000,51288.42000000,50940.78000000,52065.78000000,35309.44574000
1708646400,51288.42000000,50744.15000000,50521.00000000,51548.54000000,30545.79544000
1708732800,50744.15000000,51568.22000000,50585.00000000,51698.00000000,16560.42110000
1708819200,51568.21000000,51728.85000000,51279.80000000,51958.55000000,18721.63159000
1708905600,51728.85000000,54476.47000000,50901.44000000,54910.00000000,51256.72199000
1708992000,54476.48000000,57037.34000000,54450.13000000,57588.15000000,67194.98562000
1709078400,57037.35000000,62432.10000000,56691.85000000,64000.00000000,118763.46984000
1709164800,62432.11000000,61130.98000000,60364.70000000,63676.35000000,78425.07603000
1709251200,61130.99000000,62387.90000000,60777.00000000,63114.23000000,47737.93473000
1709337600,62387.90000000,61987.28000000,61561.12000000,62433.19000000,25534.73659000
1709424000,61987.28000000,63113.97000000,61320.00000000,63231.88000000,28994.90903000
1709510400,63113.97000000,68245.71000000,62300.00000000,68499.00000000,84835.16005000
1709596800,68245.71000000,63724.01000000,59005.00000000,69000.00000000,132696.78130000
1709683200,63724.01000000,66074.04000000,62779.14000000,67641.10000000,78738.85491000
1709769600,66074.04000000,66823.17000000,65551.00000000,67980.00000000,53059.88690000
1709856000,66823.18000000,68124.19000000,66082.66000000,69990.00000000,74261.93284200
1709942400,68124.20000000,68313.27000000,67861.10000000,68541.10000000,19872.89743000
1710028800,68313.28000000,68955.88000000,68094.75000000,69887.61000000,38404.66835000
1710115200,68955.88000000,72078.10000000,67024.96000000,72800.00000000,75292.82572600
1710201600,72078.10000000,71452.01000000,68620.82000000,73000.00000000,68783.54669100
1710288000,71452.00000000,73072.41000000,71333.31000000,73650.25000000,52659.71164700
1710374400,73072.40000000,71388.94000000,68555.00000000,73777.00000000,71757.62874600
1710460800,71388.94000000,69499.85000000,65600.00000000,72419.71000000,103334.03546000
1710547200,69499.84000000,65300.63000000,64780.00000000,70043.00000000,55926.95336000
1710633600,65300.64000000,68393.48000000,64533.00000000,68904.40000000,49742.21589000
1710720000,68393.47000000,67609.99000000,66565.20000000,68956.00000000,55691.08088000
1710806400,67610.00000000,61937.40000000,61555.00000000,68124.11000000,101005.32487000
1710892800,61937.41000000,67840.51000000,60775.00000000,68100.00000000,90420.58592000
1710979200,67840.51000000,65501.27000000,64529.01000000,68240.47000000,53357.48002000
1711065600,65501.28000000,63796.64000000,62260.00000000,66649.62000000,51482.37821000
1711152000,63796.64000000,63990.01000000,63000.00000000,65999.00000000,26410.11409000
1711238400,63990.02000000,67209.99000000,63772.29000000,67628.69000000,31395.78015000
1711324800,67210.00000000,69880.01000000,66385.06000000,71150.00000000,53431.14486000
1711411200,69880.00000000,69988.00000000,69280.00000000,71561.10000000,38934.38417000
1711497600,69987.99000000,69469.99000000,68359.18000000,71769.54000000,49119.35685000
1711584000,69469.99000000,70780.60000000,68903.62000000,71552.06000000,35439.03239000
1711670400,70780.60000000,69850.54000000,69009.00000000,70916.16000000,25445.08353000
1711756800,69850.53000000,69582.18000000,69540.00000000,70321.10000000,13644.61142000
1711843200,69582.17000000,71280.01000000,69562.99000000,71366.00000000,19396.34433000
1711929600,71280.00000000,69649.80000000,68062.86000000,71288.23000000,41445.32039000
1712016000,69649.81000000,65463.99000000,64550.00000000,69674.23000000,71799.82793000
1712102400,65463.99000000,65963.28000000,64493.07000000,66903.63000000,39887.21778000
1712188800,65963.27000000,68487.79000000,65064.52000000,69309.91000000,41510.48453000
1712275200,68487.80000000,67820.62000000,65952.56000000,68756.67000000,37915.23073000
1712361600,67820.63000000,68896.00000000,67447.83000000,69692.00000000,20134.28919000
1712448000,68896.00000000,69360.39000000,68824.00000000,70326.29000000,21534.74433000
1712534400,69360.38000000,71620.00000000,69043.24000000,72797.99000000,45723.87624000
1712620800,71620.00000000,69146.00000000,68210.00000000,71758.19000000,39293.90242000
1712707200,69146.00000000,70631.08000000,67518.00000000,71172.08000000,42006.02377000
1712793600,70631.08000000,70006.23000000,69567.21000000,71305.89000000,31917.25595000
1712880000,70006.22000000,67116.52000000,65086.86000000,71227.46000000,56072.86229000
1712966400,67116.52000000,63924.51000000,60660.57000000,67929.00000000,71395.22019000
1713052800,63924.52000000,65661.84000000,62134.00000000,65840.00000000,61599.17818000
1713139200,65661.85000000,63419.99000000,62274.40000000,66867.07000000,52389.53069000
1713225600,63419.99000000,63793.39000000,61600.00000000,64365.00000000,53435.29331000
1713312000,63793.40000000,61277.37000000,59678.16000000,64499.00000000,50610.54509000
1713398400,61277.38000000,63470.08000000,60803.35000000,64117.09000000,43601.60918000
1713484800,63470.09000000,63818.01000000,59600.01000000,65450.00000000,69774.30271000
1713571200,63818.01000000,64940.59000000,63090.07000000,65419.00000000,23137.42975000
1713657600,64940.58000000,64941.15000000,64237.50000000,65695.56000000,19316.42152000
1713744000,64941.15000000,66819.32000000,64500.00000000,67232.35000000,31397.99371000
1713830400,66819.32000000,66414.00000000,65765.81000000,67183.01000000,22599.90004000
1713916800,66414.00000000,64289.59000000,63606.06000000,67070.43000000,33595.69637000
1714003200,64289.58000000,64498.34000000,62794.00000000,65297.94000000,31341.46338000
1714089600,64498.33000000,63770.01000000,63297.48000000,64820.01000000,27085.19346000
1714176000,63770.00000000,63333.99000000,62391.24000000,63923.41000000,20566.00689000
